{
  "Kupd6o0sSgVDFDm/0QFH5E8L0CXORo0NwwiYY8q513U=": {
    "key": "tag terus",
    "url": "https://files.catbox.moe/h62n0e.webp",
    "creator": "62895362282300@s.whatsapp.net",
    "at": 1751904242743
  },
  "cfugpl617PksAzkaXHa8VXtxxOQhOpfujfI+Y5K7vrE=": {
    "key": "backdor",
    "url": "https://files.catbox.moe/ygzvs3.webp",
    "creator": "62895362282300@s.whatsapp.net",
    "at": 1752553622906
  },
  "HooqfZrNYOG7e2btPJ8bZO+xIwX0hf44a5hX+YW/xJA=": {
    "key": "tes",
    "url": "https://files.catbox.moe/c1anpf.webp",
    "creator": "62895362282300@s.whatsapp.net",
    "at": 1752702722505
  },
  "KLKBIsJ96nOVbFwi9ZkSmzQTLA1IErhfDBJkWRzuCHs=": {
    "key": "tolongin",
    "url": "https://files.catbox.moe/04k7yv.webp",
    "creator": "62895362282300@s.whatsapp.net",
    "at": 1752712139622
  },
  "TL5ss3OFlaj2dJ/VADd0CmCBrBIeycFTsmi9RZkQ/64=": {
    "key": "hmm",
    "url": "https://files.catbox.moe/6xh3y4.webp",
    "creator": "62895362282300@s.whatsapp.net",
    "at": 1752732601695
  },
  "3I+ib6XCGjwHxwAH76//MIKledYOU5N0QweQY9ZNG5w=": {
    "key": "ikut",
    "url": "https://files.catbox.moe/d0rsto.webp",
    "creator": "62895362282300@s.whatsapp.net",
    "at": 1752733335749
  },
  "3GSak50VIUBFc0EPm4gvumcx5EGJfB8emEmLdhjsiYM=": {
    "key": "lari",
    "url": "Anon Uploads are temporarily paused! Please wait...",
    "creator": "62895362282300@s.whatsapp.net",
    "at": 1755947434434
  },
  "s/aKBh1Bj9ddViS1WO6cHMUbvhgIygpDwqg62uIi5co=": {
    "key": "fuck",
    "url": "https://qu.ax/ZoHgD.webp",
    "creator": "62895362282300@s.whatsapp.net",
    "at": 1755960628993
  },
  "u7c2U4MieknaQf4PjscXxybe7gpAqsPCY6/KI895kOU=": {
    "key": "king",
    "url": "https://qu.ax/Nduck.webp",
    "creator": "62895362282300@s.whatsapp.net",
    "at": 1758758149982
  },
  "tiM4IDJL9K9ZwG2Ani7K8IsBAN2p3oqaNrdMM7WFSaY=": {
    "key": "caranya?",
    "url": "https://files.catbox.moe/66ivd9.webp",
    "creator": "6282252509320@s.whatsapp.net",
    "at": 1758905825117
  },
  "ypXXsD6v6rJttcHHXdFQUAxYacjNoGN+IkHLKRIWW9E=": {
    "key": "kacau",
    "url": "https://files.catbox.moe/bnlwvy.webp",
    "creator": "62895362282300@s.whatsapp.net",
    "at": 1759065647193
  },
  "lUa9IgfQLdD2QXJGbjlJpquLiw8d+340dMwrD4h/VuU=": {
    "key": "wkwk",
    "url": "https://files.catbox.moe/p2ux48.webp",
    "creator": "6282252509320@s.whatsapp.net",
    "at": 1759067583625
  },
  "IaPFY8+oXWltFSckhLKcpVqC7Rj7DCJkq0FRB9lkCmE=": {
    "key": "kaget anj",
    "url": "https://files.catbox.moe/jaho9p.webp",
    "creator": "62895362282300@s.whatsapp.net",
    "at": 1759118642871
  },
  "5CC0jzWu2kZXk9U2HIO7fp17GeUB8jm6VXSxftj9EYs=": {
    "key": "chatgpt",
    "url": "https://files.catbox.moe/6jiho8.webp",
    "creator": "62895362282300@s.whatsapp.net",
    "at": 1759134193910
  },
  "JIo5x9myKqWCLMqnfh8LE0BervY9GcocoUJgqx58mjY=": {
    "key": "geramnyo",
    "url": "https://files.catbox.moe/zqd0e1.webp",
    "creator": "6282252509320@s.whatsapp.net",
    "at": 1759481899930
  },
  "Yqian1N8FcNOvH+IT/lq14DJ75xmqMP81eyLVFUdMB0=": {
    "key": "oke",
    "url": "https://files.catbox.moe/ofm55u.webp",
    "creator": "6282252509320@s.whatsapp.net",
    "at": 1759893616801
  },
  "LXllICk+7TjbAGwuqFsN2Ls8JvF5661A4jnSxoor1QY=": {
    "key": "gw",
    "url": "https://files.catbox.moe/ksjrqo.webp",
    "creator": "6282252509320@s.whatsapp.net",
    "at": 1760510921221
  },
  "/DrmKzjkGYV2/uEfUjqqIKzUs5Mf5WK6ibHhwhOGfmI=": {
    "key": "dih",
    "url": "https://files.catbox.moe/poy05u.webp",
    "creator": "6282252509320@s.whatsapp.net",
    "at": 1760511140036
  },
  "90EG4AstMxDirAw9kefgq8rqJGa9kUMrPCvA865Aqqs=": {
    "key": "gak ngotak",
    "url": "https://files.catbox.moe/w8swcz.webp",
    "creator": "6282252509320@s.whatsapp.net",
    "at": 1760736398342
  },
  "KcXXaxpp2GKGE//CPG/5OREwwesiY/UOn63Id+jFoHQ=": {
    "key": "waduh",
    "url": "https://files.catbox.moe/98v7uz.webp",
    "creator": "6282252509320@s.whatsapp.net",
    "at": 1760872879727
  },
  "jaMM3g7CS8pigDp3zWgwPVkcGE8dIa+sZRwjDXVCv2o=": {
    "key": "kenapa?",
    "url": "https://files.catbox.moe/atuvxl.webp",
    "creator": "6282252509320@s.whatsapp.net",
    "at": 1760874146754
  }
}