{
  "vnList": [
    {
      "key": "kebiasaan",
      "url": "https://files.catbox.moe/peiluz.opus"
    },
    {
      "key": "roblox",
      "url": "https://files.catbox.moe/mqjrv1.opus"
    },
    {
      "key": "rokok",
      "url": "https://files.catbox.moe/r448xq.opus"
    },
    {
      "key": "cek Pm",
      "url": "https://files.catbox.moe/xfzb7v.opus"
    },
    {
      "key": "pengen main",
      "url": "https://files.catbox.moe/fv1wfn.opus"
    },
    {
      "key": "telpon",
      "url": "https://files.catbox.moe/koic1i.opus"
    },
    {
      "key": "diam",
      "url": "https://files.catbox.moe/cbp6qr.opus"
    },
    {
      "key": "oh gitu",
      "url": "https://files.catbox.moe/4mefz1.opus"
    },
    {
      "key": "gila",
      "url": "https://files.catbox.moe/p25n3z.opus"
    },
    {
      "key": "tq",
      "url": "https://files.catbox.moe/oectg2.opus"
    },
    {
      "key": "bohong",
      "url": "https://files.catbox.moe/qc6zvl.opus"
    },
    {
      "key": "ahaha",
      "url": "https://files.catbox.moe/qpir1g.opus"
    },
    {
      "key": "gpp",
      "url": "https://files.catbox.moe/9sg1yg.opus"
    },
    {
      "key": "gak bisa",
      "url": "https://files.catbox.moe/p5qili.opus"
    },
    {
      "key": "ubah",
      "url": "https://files.catbox.moe/rum83c.opus"
    },
    {
      "key": "yok",
      "url": "https://files.catbox.moe/kpkcr7.opus"
    },
    {
      "key": "slowres",
      "url": "https://files.catbox.moe/juz7de.opus"
    },
    {
      "key": "sakit",
      "url": "https://files.catbox.moe/es6upl.opus"
    },
    {
      "key": "solusi",
      "url": "https://files.catbox.moe/l1q5ar.opus"
    },
    {
      "key": "sabar",
      "url": "https://files.catbox.moe/hf2tjg.opus"
    },
    {
      "key": "yaudah",
      "url": "https://files.catbox.moe/ysnj2j.opus"
    },
    {
      "key": "yaudah",
      "url": "https://files.catbox.moe/0d6qza.opus"
    },
    {
      "key": "ngtd",
      "url": "https://files.catbox.moe/6vifm4.opus"
    },
    {
      "key": "ngentot",
      "url": "https://files.catbox.moe/svfzaz.opus"
    },
    {
      "key": "andi",
      "url": "https://files.catbox.moe/7l2mo7.opus"
    },
    {
      "key": "tidur",
      "url": "https://qu.ax/XEpZp.opus"
    },
    {
      "key": "besok senin",
      "url": "https://qu.ax/wyGLU.opus"
    },
    {
      "key": "admin",
      "url": "https://qu.ax/DXnAG.opus"
    },
    {
      "key": "bentar",
      "url": "https://qu.ax/rezFN.opus"
    },
    {
      "key": "gak mungkin",
      "url": "https://qu.ax/sMtFJ.opus"
    },
    {
      "key": "tai",
      "url": "https://files.catbox.moe/2wduw4.opus"
    }
  ]
}