[
   {
    "lagu": "https://raw.githubusercontent.com/Zephyr-crack/scrapes/main/kenanglah%20aku.mp3",
    "judul": "kenanglah aku",
    "artis": "Naff"
   },
   {
    "lagu": "https://raw.githubusercontent.com/Zephyr-crack/scrapes/main/bukti.mp3",
    "judul": "bukti",
    "artis": "Virgoun"
   },
   {
    "lagu": "https://raw.githubusercontent.com/Zephyr-crack/scrapes/main/menemukanmu.mp3",
    "judul": "menemukanmu",
    "artis": "Seventeen"
   },
   {
    "lagu": "https://raw.githubusercontent.com/Zephyr-crack/scrapes/main/memories.mp3",
    "judul": "memories",
    "artis": "Maki Otsuki"
   },
   {
    "lagu": "https://raw.githubusercontent.com/Zephyr-crack/scrapes/main/orange%207.mp3",
    "judul": "orange",
    "artis": "Seven Oops"
   },
   {
    "lagu": "https://raw.githubusercontent.com/Zephyr-crack/scrapes/main/black%20catcher%20-%20vickeblanka.mp3",
    "judul": "black catcher",
    "artis": "Vickeblanka"
   },
   {
    "lagu": "https://raw.githubusercontent.com/Zephyr-crack/scrapes/main/blue%20-%20yung%20kai.mp3",
    "judul": "blue",
    "artis": "yung kai"
   },
   {
    "lagu": "https://raw.githubusercontent.com/Zephyr-crack/scrapes/main/cry%20-%20cigarets%20after%20sex.mp3",
    "judul": "cry",
    "artis": "Cigarets after sex"
   },
   {
    "lagu": "https://raw.githubusercontent.com/Zephyr-crack/scrapes/main/kanashimi%20wo%20yasshisani%20-little%20by%20little.mp3",
    "judul": "kanashimi wo yasashisani",
    "artis": "Little By Little"
   },
   {
    "lagu": "https://raw.githubusercontent.com/Zephyr-crack/scrapes/main/lucid%20dreams%20-%20juice%20wrld.mp3",
    "judul": "lucid dreams",
    "artis": "Juice wrld"
   },
   {
    "lagu": "https://raw.githubusercontent.com/Zephyr-crack/scrapes/main/mockkingbird%20-%20eminem.mp3",
    "judul": "mockkingbird",
    "artis": "Eminem"
   },
   {
    "lagu": "https://raw.githubusercontent.com/Zephyr-crack/scrapes/main/netsujou%20no%20spectrum%20-%20ikimono%20gakari.mp3",
    "judul": "netsujou no spectrum",
    "artis": "Ikimono gakari"
   },
   {
    "lagu": "https://raw.githubusercontent.com/Zephyr-crack/scrapes/main/nobody%20gets%20me%20-%20sza.mp3",
    "judul": "nobody gets me",
    "artis": "SZA"
   },
   {
    "lagu": "https://raw.githubusercontent.com/Zephyr-crack/scrapes/main/penjaga%20hati%20-%20nadhif%20basalamah.mp3",
    "judul": "penjaga hati",
    "artis": "Nadhif Basalamah"
   },
   {
    "lagu": "https://raw.githubusercontent.com/Zephyr-crack/scrapes/main/teruntuk%20mia%20-%20nuh.mp3",
    "judul": "teruntuk mia",
    "artis": "Nuh"
   },
   {
    "lagu": "https://raw.githubusercontent.com/Zephyr-crack/scrapes/main/until%20i%20found%20you%20-%20stephen%20shancez.mp3",
    "judul": "until i found you",
    "artis": "Stephen Shancez"
   },
   {
    "lagu": "https://raw.githubusercontent.com/Zephyr-crack/scrapes/main/wildflower%20-%20billie%20ellish.mp3",
    "judul": "wildflower",
    "artis": "Billie Ellish"
   },
   {
    "lagu": "https://raw.githubusercontent.com/Zephyr-crack/scrapes/main/wish%20you%20were%20here%20-%20neck%20deep.mp3",
    "judul": "wish you were here",
    "artis": "Neck Deep"
   },
   {
    "lagu": "https://raw.githubusercontent.com/Zephyr-crack/scrapes/main/a%20thousand%20years%20-%20james%20arthur.mp3",
    "judul": "a thousand years",
    "artis": "James Arthur"
   },
   {
    "lagu": "https://raw.githubusercontent.com/Zephyr-crack/scrapes/main/dandelions%20-%20ruth%20b.mp3",
    "judul": "dandelions",
    "artis": "Ruth B"
   },
   {
    "lagu": "https://raw.githubusercontent.com/Zephyr-crack/scrapes/main/drunk%20text%20-%20henry%20moodie.mp3",
    "judul": "drunk text",
    "artis": "Henry moodie"
   },
   {
    "lagu": "https://raw.githubusercontent.com/Zephyr-crack/scrapes/main/ghost-%20justin%20bieber.mp3",
    "judul": "ghost",
    "artis": "Justin Bieber"
   },
   {
    "lagu": "https://raw.githubusercontent.com/Zephyr-crack/scrapes/main/heart%20attack%20-%20demi%20lovato.mp3",
    "judul": "heart attack",
    "artis": "Demi Lovato"
   },
   {
    "lagu": "https://raw.githubusercontent.com/Zephyr-crack/scrapes/main/it%20will%20rain%20-%20bruno%20mars.mp3",
    "judul": "it will rain",
    "artis": "Bruno Mars"
   },
   {
    "lagu": "https://raw.githubusercontent.com/Zephyr-crack/scrapes/main/minefields%20-%20faouzia.mp3",
    "judul": "minefields",
    "artis": "Faouzia"
   },
   {
    "lagu": "https://raw.githubusercontent.com/Zephyr-crack/scrapes/main/reckless%20-%20madison%20beer.mp3",
    "judul": "reckless",
    "artis": "Madison Beer"
   },
   {
    "lagu": "https://raw.githubusercontent.com/Zephyr-crack/scrapes/main/snowman%20-%20sia.mp3",
    "judul": "snowman",
    "artis": "Sia"
   },
   {
    "lagu": "https://raw.githubusercontent.com/Zephyr-crack/scrapes/main/somewhere%20only%20we%20know%20-%20keane.mp3",
    "judul": "somewhere only we know",
    "artis": "Keane"
   },
   {
    "lagu": "https://raw.githubusercontent.com/Zephyr-crack/scrapes/main/summertime%20sadness%20-%20lana%20del%20rey.mp3",
    "judul": "summertime sadness",
    "artis": "Lana Del Rey"
   },
   {
    "lagu": "https://raw.githubusercontent.com/Zephyr-crack/scrapes/main/those%20eyes%20-%20new%20west.mp3",
    "judul": "those eyes",
    "artis": "New West"
   },
   {
    "lagu": "https://raw.githubusercontent.com/Zephyr-crack/scrapes/main/another%20love%20-%20tom%20odell.mp3",
    "judul": "another love",
    "artis": "Tom Odell"
   },
   {
    "lagu": "https://raw.githubusercontent.com/Zephyr-crack/scrapes/main/bring%20me%20to%20life%20-%20evanescence.mp3",
    "judul": "bring me to life",
    "artis": "Evanescence"
   },
   {
    "lagu": "https://raw.githubusercontent.com/Zephyr-crack/scrapes/main/cloud%209%20-%20beach%20bunny.mp3",
    "judul": "cloud 9",
    "artis": "Beach Bunny"
   },
   {
    "lagu": "https://raw.githubusercontent.com/Zephyr-crack/scrapes/main/fairytale%20-%20alexander%20rybak.mp3",
    "judul": "fairytale",
    "artis": "Alexander Rybak"
   },
   {
    "lagu": "https://raw.githubusercontent.com/Zephyr-crack/scrapes/main/hikaru%20nara%20-%20goose%20house.mp3",
    "judul": "hikaru nara",
    "artis": "Goose House"
   },
      {
    "lagu": "https://raw.githubusercontent.com/Zephyr-crack/scrapes/main/hero's%20come%20back%20-%20nobodyknows.mp3",
    "judul": "hero's come back",
    "artis": "Nobodyknows"
   },
   {
    "lagu": "https://raw.githubusercontent.com/Zephyr-crack/scrapes/main/idol%20-%20yoasobi.mp3",
    "judul": "idol",
    "artis": "Yoasobi"
   },
   {
    "lagu": "https://raw.githubusercontent.com/Zephyr-crack/scrapes/main/karera%20no%20tochi%20-%20fujita%20haruka.mp3",
    "judul": "karera no tochi",
    "artis": "Fujita Haruka"
   },
   {
    "lagu": "https://raw.githubusercontent.com/Zephyr-crack/scrapes/main/love%20story%20-%20indilla.mp3",
    "judul": "love story",
    "artis": "indilla"
   },
   {
    "lagu": "https://raw.githubusercontent.com/Zephyr-crack/scrapes/main/one%20voice%20-%20rokudenashi.mp3",
    "judul": "one voice",
    "artis": "Rokudenashi"
   },
      {
    "lagu": "https://raw.githubusercontent.com/Zephyr-crack/scrapes/main/prom%20queen%20-%20beach%20bunny.mp3",
    "judul": "prom queen",
    "artis": "Beach Bunny"
   },
   {
    "lagu": "https://raw.githubusercontent.com/Zephyr-crack/scrapes/main/runaway%20-%20aurora.mp3",
    "judul": "runaway",
    "artis": "Aurora"
   },
   {
    "lagu": "https://raw.githubusercontent.com/Zephyr-crack/scrapes/main/senorita%20-%20shawn%20mendes.mp3",
    "judul": "senorita",
    "artis": "Shawn Mendes"
   },
   {
    "lagu": "https://raw.githubusercontent.com/Zephyr-crack/scrapes/main/sparkle%20-%20radwimps.mp3",
    "judul": "sparkle",
    "artis": "Radwimps"
   }
]