{
  "120363407877289729@g.us": {
    "6285849078740@s.whatsapp.net": {
      "pesan": 121,
      "kata": 8605,
      "media": 8,
      "stiker": 2,
      "tambah": 0,
      "kick": 1
    },
    "6285820947960@s.whatsapp.net": {
      "pesan": 3177,
      "kata": 16474,
      "media": 88,
      "stiker": 105,
      "tambah": 9,
      "kick": 5
    },
    "6285257129838@s.whatsapp.net": {
      "pesan": 1296,
      "kata": 32238,
      "media": 136,
      "stiker": 100,
      "tambah": 0,
      "kick": 3
    },
    "62895362282300@s.whatsapp.net": {
      "pesan": 1872,
      "kata": 8748,
      "media": 34,
      "stiker": 80,
      "tambah": 19,
      "kick": 6
    },
    "62895618443914@s.whatsapp.net": {
      "pesan": 0,
      "kata": 0,
      "media": 0,
      "stiker": 0,
      "tambah": 0,
      "kick": 5
    },
    "6287832743170@s.whatsapp.net": {
      "pesan": 1244,
      "kata": 3432,
      "media": 45,
      "stiker": 315,
      "tambah": 2,
      "kick": 0
    },
    "573152375133@s.whatsapp.net": {
      "pesan": 71,
      "kata": 192,
      "media": 0,
      "stiker": 16,
      "tambah": 0,
      "kick": 0
    },
    "6282252509320@s.whatsapp.net": {
      "pesan": 97,
      "kata": 2154,
      "media": 3,
      "stiker": 2,
      "tambah": 0,
      "kick": 0
    },
    "6283138114398@s.whatsapp.net": {
      "pesan": 1966,
      "kata": 12041,
      "media": 99,
      "stiker": 689,
      "tambah": 3,
      "kick": 1
    },
    "6285158263328@s.whatsapp.net": {
      "pesan": 2,
      "kata": 3,
      "media": 0,
      "stiker": 0,
      "tambah": 0,
      "kick": 0
    },
    "6285822719372@s.whatsapp.net": {
      "pesan": 81,
      "kata": 1548,
      "media": 9,
      "stiker": 0,
      "tambah": 0,
      "kick": 0
    },
    "6285817649370@s.whatsapp.net": {
      "pesan": 93,
      "kata": 4497,
      "media": 12,
      "stiker": 0,
      "tambah": 0,
      "kick": 3
    },
    "6285754418390@s.whatsapp.net": {
      "pesan": 108,
      "kata": 3363,
      "media": 23,
      "stiker": 1,
      "tambah": 0,
      "kick": 1
    },
    "6282272119708@s.whatsapp.net": {
      "pesan": 0,
      "kata": 0,
      "media": 0,
      "stiker": 0,
      "tambah": 0,
      "kick": 1
    },
    "6285881949884@s.whatsapp.net": {
      "pesan": 0,
      "kata": 0,
      "media": 0,
      "stiker": 0,
      "tambah": 0,
      "kick": 0
    },
    "6283190984447@s.whatsapp.net": {
      "pesan": 0,
      "kata": 0,
      "media": 0,
      "stiker": 0,
      "tambah": 0,
      "kick": 0
    },
    "6283186407155@s.whatsapp.net": {
      "pesan": 0,
      "kata": 0,
      "media": 0,
      "stiker": 0,
      "tambah": 0,
      "kick": 13
    }
  },
  "120363410654414630@g.us": {
    "6282268881337@s.whatsapp.net": {
      "pesan": 486,
      "kata": 1997,
      "media": 8,
      "stiker": 54,
      "tambah": 0,
      "kick": 0
    },
    "6281266021317@s.whatsapp.net": {
      "pesan": 397,
      "kata": 5984,
      "media": 193,
      "stiker": 12,
      "tambah": 0,
      "kick": 3
    },
    "62895618443914@s.whatsapp.net": {
      "pesan": 0,
      "kata": 0,
      "media": 0,
      "stiker": 0,
      "tambah": 0,
      "kick": 1
    },
    "62895362282300@s.whatsapp.net": {
      "pesan": 230,
      "kata": 1205,
      "media": 7,
      "stiker": 10,
      "tambah": 1,
      "kick": 0
    },
    "6282252509320@s.whatsapp.net": {
      "pesan": 2,
      "kata": 16,
      "media": 0,
      "stiker": 0,
      "tambah": 0,
      "kick": 0
    },
    "6281337197336@s.whatsapp.net": {
      "pesan": 15,
      "kata": 82,
      "media": 0,
      "stiker": 0,
      "tambah": 0,
      "kick": 0
    },
    "6282272119708@s.whatsapp.net": {
      "pesan": 0,
      "kata": 0,
      "media": 0,
      "stiker": 0,
      "tambah": 0,
      "kick": 0
    },
    "6285881949884@s.whatsapp.net": {
      "pesan": 0,
      "kata": 0,
      "media": 0,
      "stiker": 0,
      "tambah": 0,
      "kick": 0
    }
  },
  "120363399419348848@g.us": {
    "62895618443914@s.whatsapp.net": {
      "pesan": 0,
      "kata": 0,
      "media": 0,
      "stiker": 0,
      "tambah": 0,
      "kick": 0
    },
    "62895362282300@s.whatsapp.net": {
      "pesan": 103,
      "kata": 1251,
      "media": 23,
      "stiker": 1,
      "tambah": 4,
      "kick": 6
    },
    "6285820947960@s.whatsapp.net": {
      "pesan": 25,
      "kata": 719,
      "media": 14,
      "stiker": 0,
      "tambah": 1,
      "kick": 0
    },
    "6287832743170@s.whatsapp.net": {
      "pesan": 6,
      "kata": 12,
      "media": 0,
      "stiker": 0,
      "tambah": 0,
      "kick": 0
    },
    "6282252509320@s.whatsapp.net": {
      "pesan": 1,
      "kata": 1,
      "media": 0,
      "stiker": 0,
      "tambah": 0,
      "kick": 0
    },
    "6282272119708@s.whatsapp.net": {
      "pesan": 0,
      "kata": 0,
      "media": 0,
      "stiker": 0,
      "tambah": 0,
      "kick": 0
    },
    "6285881949884@s.whatsapp.net": {
      "pesan": 0,
      "kata": 0,
      "media": 0,
      "stiker": 0,
      "tambah": 0,
      "kick": 0
    },
    "6283894946062@s.whatsapp.net": {
      "pesan": 0,
      "kata": 0,
      "media": 0,
      "stiker": 0,
      "tambah": 0,
      "kick": 0
    },
    "6283186407155@s.whatsapp.net": {
      "pesan": 0,
      "kata": 0,
      "media": 0,
      "stiker": 0,
      "tambah": 0,
      "kick": 0
    }
  },
  "120363044426851281@g.us": {
    "62895362282300@s.whatsapp.net": {
      "pesan": 263,
      "kata": 1611,
      "media": 9,
      "stiker": 23,
      "tambah": 1,
      "kick": 0
    },
    "62895618443914@s.whatsapp.net": {
      "pesan": 0,
      "kata": 0,
      "media": 0,
      "stiker": 0,
      "tambah": 0,
      "kick": 0
    },
    "6282252509320@s.whatsapp.net": {
      "pesan": 3,
      "kata": 75,
      "media": 2,
      "stiker": 0,
      "tambah": 0,
      "kick": 0
    },
    "6282272119708@s.whatsapp.net": {
      "pesan": 0,
      "kata": 0,
      "media": 0,
      "stiker": 0,
      "tambah": 0,
      "kick": 1
    },
    "6285881949884@s.whatsapp.net": {
      "pesan": 0,
      "kata": 0,
      "media": 0,
      "stiker": 0,
      "tambah": 0,
      "kick": 0
    },
    "6283894946062@s.whatsapp.net": {
      "pesan": 0,
      "kata": 0,
      "media": 0,
      "stiker": 0,
      "tambah": 0,
      "kick": 2
    },
    "6283190984447@s.whatsapp.net": {
      "pesan": 0,
      "kata": 0,
      "media": 0,
      "stiker": 0,
      "tambah": 0,
      "kick": 2
    },
    "6283186407155@s.whatsapp.net": {
      "pesan": 0,
      "kata": 0,
      "media": 0,
      "stiker": 0,
      "tambah": 0,
      "kick": 0
    }
  },
  "120363419551574825@g.us": {
    "62895362282300@s.whatsapp.net": {
      "pesan": 922,
      "kata": 8665,
      "media": 59,
      "stiker": 5,
      "tambah": 6,
      "kick": 0
    },
    "6282252509320@s.whatsapp.net": {
      "pesan": 134,
      "kata": 1697,
      "media": 11,
      "stiker": 0,
      "tambah": 0,
      "kick": 0
    },
    "6282148034226@s.whatsapp.net": {
      "pesan": 50,
      "kata": 474,
      "media": 9,
      "stiker": 0,
      "tambah": 0,
      "kick": 0
    },
    "62895618443914@s.whatsapp.net": {
      "pesan": 0,
      "kata": 0,
      "media": 0,
      "stiker": 0,
      "tambah": 0,
      "kick": 4
    },
    "6283894946062@s.whatsapp.net": {
      "pesan": 0,
      "kata": 0,
      "media": 0,
      "stiker": 0,
      "tambah": 0,
      "kick": 0
    },
    "6283186407155@s.whatsapp.net": {
      "pesan": 0,
      "kata": 0,
      "media": 0,
      "stiker": 0,
      "tambah": 0,
      "kick": 1
    }
  },
  "120363410642348063@g.us": {
    "62895618443914@s.whatsapp.net": {
      "pesan": 0,
      "kata": 0,
      "media": 0,
      "stiker": 0,
      "tambah": 0,
      "kick": 0
    }
  },
  "120363393036612562@g.us": {
    "62895362282300@s.whatsapp.net": {
      "pesan": 128,
      "kata": 894,
      "media": 6,
      "stiker": 10,
      "tambah": 1,
      "kick": 0
    },
    "6282252509320@s.whatsapp.net": {
      "pesan": 25,
      "kata": 166,
      "media": 4,
      "stiker": 3,
      "tambah": 0,
      "kick": 0
    },
    "62895618443914@s.whatsapp.net": {
      "pesan": 0,
      "kata": 0,
      "media": 0,
      "stiker": 0,
      "tambah": 0,
      "kick": 1
    },
    "6283894946062@s.whatsapp.net": {
      "pesan": 0,
      "kata": 0,
      "media": 0,
      "stiker": 0,
      "tambah": 0,
      "kick": 1
    },
    "6283190984447@s.whatsapp.net": {
      "pesan": 0,
      "kata": 0,
      "media": 0,
      "stiker": 0,
      "tambah": 0,
      "kick": 1
    }
  },
  "120363403771486773@g.us": {
    "62895362282300@s.whatsapp.net": {
      "pesan": 3,
      "kata": 8,
      "media": 0,
      "stiker": 0,
      "tambah": 1,
      "kick": 0
    },
    "6283190984447@s.whatsapp.net": {
      "pesan": 0,
      "kata": 0,
      "media": 0,
      "stiker": 0,
      "tambah": 0,
      "kick": 0
    },
    "6282252509320@s.whatsapp.net": {
      "pesan": 2,
      "kata": 7,
      "media": 0,
      "stiker": 0,
      "tambah": 0,
      "kick": 0
    }
  }
}