{
  "120363402999904928@g.us": [
    {
      "id": "1759195629261",
      "pesan": "survey",
      "targetUser": "6282148034226@s.whatsapp.net",
      "targetTime": "2025-10-15T01:27:09.260Z",
      "delay": 1296000000,
      "chatId": "120363402999904928@g.us"
    },
    {
      "id": "1759195679014",
      "pesan": "survey",
      "targetUser": "6282148034226@s.whatsapp.net",
      "targetTime": "2025-09-30T07:27:59.013Z",
      "delay": 21600000,
      "chatId": "120363402999904928@g.us"
    }
  ]
}