{
  "Kupd6o0sSgVDFDm/0QFH5E8L0CXORo0NwwiYY8q513U=": {
    "key": "tag terus",
    "url": "https://files.catbox.moe/h62n0e.webp",
    "creator": "62895362282300@s.whatsapp.net",
    "at": 1751904242743
  },
  "cfugpl617PksAzkaXHa8VXtxxOQhOpfujfI+Y5K7vrE=": {
    "key": "backdor",
    "url": "https://files.catbox.moe/ygzvs3.webp",
    "creator": "62895362282300@s.whatsapp.net",
    "at": 1752553622906
  },
  "HooqfZrNYOG7e2btPJ8bZO+xIwX0hf44a5hX+YW/xJA=": {
    "key": "tes",
    "url": "https://files.catbox.moe/c1anpf.webp",
    "creator": "62895362282300@s.whatsapp.net",
    "at": 1752702722505
  },
  "KLKBIsJ96nOVbFwi9ZkSmzQTLA1IErhfDBJkWRzuCHs=": {
    "key": "tolongin",
    "url": "https://files.catbox.moe/04k7yv.webp",
    "creator": "62895362282300@s.whatsapp.net",
    "at": 1752712139622
  },
  "TL5ss3OFlaj2dJ/VADd0CmCBrBIeycFTsmi9RZkQ/64=": {
    "key": "hmm",
    "url": "https://files.catbox.moe/6xh3y4.webp",
    "creator": "62895362282300@s.whatsapp.net",
    "at": 1752732601695
  },
  "3I+ib6XCGjwHxwAH76//MIKledYOU5N0QweQY9ZNG5w=": {
    "key": "ikut",
    "url": "https://files.catbox.moe/d0rsto.webp",
    "creator": "62895362282300@s.whatsapp.net",
    "at": 1752733335749
  },
  "3GSak50VIUBFc0EPm4gvumcx5EGJfB8emEmLdhjsiYM=": {
    "key": "lari",
    "url": "Anon Uploads are temporarily paused! Please wait...",
    "creator": "62895362282300@s.whatsapp.net",
    "at": 1755947434434
  },
  "s/aKBh1Bj9ddViS1WO6cHMUbvhgIygpDwqg62uIi5co=": {
    "key": "fuck",
    "url": "https://qu.ax/ZoHgD.webp",
    "creator": "62895362282300@s.whatsapp.net",
    "at": 1755960628993
  },
  "Rb8+ivTee/sKOESzo9nFtkkYKxMOlVCnO4AW5HJLUsk=": {
    "key": "hah?",
    "url": "https://qu.ax/aUzZP.webp",
    "creator": "62895362282300@s.whatsapp.net",
    "at": 1756018403941
  },
  "wYeZMlVbttnkKr3CBE4FnvkUA20GOWSkdJkjOTXTu5Y=": {
    "key": "yes",
    "url": "https://qu.ax/Zvxxh.webp",
    "creator": "62895362282300@s.whatsapp.net",
    "at": 1756018537295
  }
}