{
  "120363402999904928@g.us": {
    "6282252509320@s.whatsapp.net": {
      "pesan": 208,
      "kata": 611,
      "media": 5,
      "stiker": 14,
      "tambah": 1,
      "kick": 0
    },
    "639617072058@s.whatsapp.net": {
      "pesan": 0,
      "kata": 0,
      "media": 0,
      "stiker": 0,
      "tambah": 0,
      "kick": 5
    },
    "62895362282300@s.whatsapp.net": {
      "pesan": 10,
      "kata": 31,
      "media": 0,
      "stiker": 1,
      "tambah": 1,
      "kick": 0
    },
    "6281337197336@s.whatsapp.net": {
      "pesan": 19,
      "kata": 59,
      "media": 0,
      "stiker": 1,
      "tambah": 0,
      "kick": 0
    }
  },
  "120363399419348848@g.us": {
    "6282252509320@s.whatsapp.net": {
      "pesan": 46,
      "kata": 586,
      "media": 7,
      "stiker": 3,
      "tambah": 10,
      "kick": 2
    },
    "639617072058@s.whatsapp.net": {
      "pesan": 0,
      "kata": 0,
      "media": 0,
      "stiker": 0,
      "tambah": 0,
      "kick": 0
    },
    "6285820947960@s.whatsapp.net": {
      "pesan": 0,
      "kata": 0,
      "media": 0,
      "stiker": 0,
      "tambah": 2,
      "kick": 0
    },
    "62895362282300@s.whatsapp.net": {
      "pesan": 85,
      "kata": 976,
      "media": 4,
      "stiker": 0,
      "tambah": 0,
      "kick": 0
    },
    "6283138114398@s.whatsapp.net": {
      "pesan": 7,
      "kata": 106,
      "media": 1,
      "stiker": 0,
      "tambah": 0,
      "kick": 0
    },
    "6281549236243@s.whatsapp.net": {
      "pesan": 11,
      "kata": 88,
      "media": 3,
      "stiker": 0,
      "tambah": 0,
      "kick": 0
    },
    "6287832743170@s.whatsapp.net": {
      "pesan": 5,
      "kata": 5,
      "media": 0,
      "stiker": 0,
      "tambah": 0,
      "kick": 0
    }
  },
  "120363419551574825@g.us": {
    "6282252509320@s.whatsapp.net": {
      "pesan": 329,
      "kata": 5935,
      "media": 28,
      "stiker": 2,
      "tambah": 0,
      "kick": 0
    },
    "639617072058@s.whatsapp.net": {
      "pesan": 0,
      "kata": 0,
      "media": 0,
      "stiker": 0,
      "tambah": 0,
      "kick": 0
    },
    "62895362282300@s.whatsapp.net": {
      "pesan": 108,
      "kata": 4302,
      "media": 10,
      "stiker": 0,
      "tambah": 0,
      "kick": 0
    }
  },
  "120363298477242166@g.us": {
    "6282252509320@s.whatsapp.net": {
      "pesan": 332,
      "kata": 1536,
      "media": 13,
      "stiker": 35,
      "tambah": 0,
      "kick": 2
    },
    "639617072058@s.whatsapp.net": {
      "pesan": 0,
      "kata": 0,
      "media": 0,
      "stiker": 0,
      "tambah": 0,
      "kick": 0
    },
    "6282148040063@s.whatsapp.net": {
      "pesan": 418,
      "kata": 1969,
      "media": 42,
      "stiker": 23,
      "tambah": 0,
      "kick": 0
    },
    "6282153391176@s.whatsapp.net": {
      "pesan": 456,
      "kata": 2082,
      "media": 43,
      "stiker": 21,
      "tambah": 0,
      "kick": 0
    },
    "6289531998400@s.whatsapp.net": {
      "pesan": 343,
      "kata": 1179,
      "media": 18,
      "stiker": 115,
      "tambah": 0,
      "kick": 0
    },
    "62895362282300@s.whatsapp.net": {
      "pesan": 13,
      "kata": 27,
      "media": 0,
      "stiker": 5,
      "tambah": 0,
      "kick": 0
    }
  },
  "120363407877289729@g.us": {
    "6282252509320@s.whatsapp.net": {
      "pesan": 744,
      "kata": 6375,
      "media": 23,
      "stiker": 37,
      "tambah": 11,
      "kick": 3
    },
    "639617072058@s.whatsapp.net": {
      "pesan": 0,
      "kata": 0,
      "media": 0,
      "stiker": 0,
      "tambah": 0,
      "kick": 3
    },
    "6281549236243@s.whatsapp.net": {
      "pesan": 950,
      "kata": 4471,
      "media": 47,
      "stiker": 19,
      "tambah": 0,
      "kick": 0
    },
    "6283138114398@s.whatsapp.net": {
      "pesan": 1204,
      "kata": 16042,
      "media": 60,
      "stiker": 243,
      "tambah": 0,
      "kick": 0
    },
    "6285820947960@s.whatsapp.net": {
      "pesan": 110,
      "kata": 340,
      "media": 1,
      "stiker": 2,
      "tambah": 1,
      "kick": 0
    },
    "6287832743170@s.whatsapp.net": {
      "pesan": 100,
      "kata": 281,
      "media": 2,
      "stiker": 60,
      "tambah": 0,
      "kick": 0
    },
    "62895362282300@s.whatsapp.net": {
      "pesan": 86,
      "kata": 945,
      "media": 8,
      "stiker": 0,
      "tambah": 0,
      "kick": 0
    },
    "573152375133@s.whatsapp.net": {
      "pesan": 24,
      "kata": 56,
      "media": 0,
      "stiker": 6,
      "tambah": 0,
      "kick": 0
    },
    "6285754418390@s.whatsapp.net": {
      "pesan": 1,
      "kata": 1,
      "media": 0,
      "stiker": 0,
      "tambah": 0,
      "kick": 0
    }
  },
  "120363417769832215@g.us": {
    "6285783705408@s.whatsapp.net": {
      "pesan": 0,
      "kata": 0,
      "media": 0,
      "stiker": 0,
      "tambah": 0,
      "kick": 0
    }
  },
  "120363393036612562@g.us": {
    "6282252509320@s.whatsapp.net": {
      "pesan": 22,
      "kata": 113,
      "media": 0,
      "stiker": 2,
      "tambah": 0,
      "kick": 0
    },
    "62895362282300@s.whatsapp.net": {
      "pesan": 1,
      "kata": 9,
      "media": 0,
      "stiker": 0,
      "tambah": 0,
      "kick": 0
    }
  }
}